Scene,Area
tL6i2PtktSh.basis.glb,16.91
tpxKD3awofe.basis.glb,23.98
adddVdvEXUK.basis.glb,25.17
YmWinf3mhb5.basis.glb,32.31
PYHRaSotJNh.basis.glb,32.43
janiYDpzM9j.basis.glb,32.65
pAjDzi9kWjE.basis.glb,34.07
m17UDpW3tHm.basis.glb,34.66
QVAA6zecMHu.basis.glb,35.55
YHmAkqgwe2p.basis.glb,36.08
LpFSk2s7me6.basis.glb,36.34
QKGMrurUVbk.basis.glb,36.48
kCHmLFfMDuE.basis.glb,37.06
P8L1328HrLi.basis.glb,37.19
QxfX5te1gFu.basis.glb,38.22
8uSpPmctPXC.basis.glb,38.37
JY8e73x9ubE.basis.glb,38.46
w3ZK3Wxvidz.basis.glb,38.76
f93a9wrxRjG.basis.glb,39.11
XfUxBGTFQQb.basis.glb,39.18
Am8wmPcBmtN.basis.glb,39.25
fK2vEV32Lag.basis.glb,39.38
WypGcNbCdsH.basis.glb,39.75
KcHdFEzySGq.basis.glb,39.76
YGc1h9nNrJP.basis.glb,39.78
g7sKCMRfgUS.basis.glb,40.10
MVVzj944atG.basis.glb,40.57
pUneSGJDrvY.basis.glb,40.63
3UDjdrwcqMb.basis.glb,40.65
DGXRxHddGAW.basis.glb,40.93
yX54kr5c5g9.basis.glb,41.12
P3kZKzwnEbM.basis.glb,41.32
NkvRYHk72vA.basis.glb,41.59
qnKYFQsjnHf.basis.glb,41.60
8qbZhbTc1wX.basis.glb,41.88
tAQTHnJ7n72.basis.glb,41.88
kuxpR2xHUBa.basis.glb,41.94
hmRxh2mmzNC.basis.glb,42.34
NwG7cpZnRZb.basis.glb,42.38
SA759ShSs44.basis.glb,42.40
VaEwVD182FS.basis.glb,42.50
nd6Vw5SHCoy.basis.glb,42.66
uzH9yHazm9t.basis.glb,42.85
41FNXLAZZgC.basis.glb,42.87
RTV2n6fXB2w.basis.glb,42.88
NieWWMV6tE4.basis.glb,42.89
Xfhi9GYbhqD.basis.glb,43.05
FRQ75PjD278.basis.glb,43.06
4MRLu1yET6a.basis.glb,43.23
W9YAR9qcuvN.basis.glb,43.25
WnvnMQh4eEa.basis.glb,43.33
6YtDG3FhNvx.basis.glb,43.33
TzQLNfWugiZ.basis.glb,43.43
oXzJVhUhmYe.basis.glb,43.46
oEPjPNSPmzL.basis.glb,43.48
kfPV7w3FaU5.basis.glb,43.62
C5RbHBQ76DE.basis.glb,43.75
PM558qFsyi8.basis.glb,43.86
W4r5JssudHR.basis.glb,44.21
wxixLWuvLjd.basis.glb,44.27
1wypxmRjuUR.basis.glb,44.74
mDdyQ6azhVD.basis.glb,44.81
sjH1uaR68XQ.basis.glb,45.15
CETmJJqkhcK.basis.glb,45.27
XYyR54sxe6b.basis.glb,45.37
F1Vhvu3osn6.basis.glb,45.78
X6Pct1msZv5.basis.glb,45.84
qmvPLqLAgvC.basis.glb,45.99
tzaZQQmUVXZ.basis.glb,46.17
X9fRPGxw1jS.basis.glb,46.18
gQ3xxshDiCz.basis.glb,46.21
j2Nms3h9XJv.basis.glb,46.38
h6nwVLpAKQz.basis.glb,46.82
AwL2QGztLwV.basis.glb,46.88
7UdY7HiDnUi.basis.glb,47.18
p6RF8AUer2e.basis.glb,47.23
z9w4aD7JsiQ.basis.glb,47.28
CtZLhCbWFm7.basis.glb,47.39
PFLHHbjscNN.basis.glb,47.49
k9UfRPqLm3j.basis.glb,47.50
8wJuSPJ9FXG.basis.glb,48.12
RaYrxWt5pR1.basis.glb,48.28
LPEMkRVudUm.basis.glb,48.30
SSbSnMigayt.basis.glb,48.32
DNWbUAJYsPy.basis.glb,48.33
QE33dvXyf1U.basis.glb,48.70
mkvHBa3mEEk.basis.glb,48.80
aTf5zsbjZMb.basis.glb,49.08
cjLuWviyDEo.basis.glb,49.28
zWydhyFhvcj.basis.glb,49.69
F8PSGjTiv61.basis.glb,50.08
EU6QPFpqdoU.basis.glb,50.36
MHYu4LWb6qP.basis.glb,50.39
kxWk8ZMDE1N.basis.glb,50.55
Wo6kuutE9i7.basis.glb,50.65
dNASL765WSN.basis.glb,50.80
Xuky7E5df6A.basis.glb,51.34
CnU5RD6PB3E.basis.glb,51.38
fFx6oC7EVp7.basis.glb,51.68
9oGV6Y9nNqB.basis.glb,51.91
58fkJMgLopt.basis.glb,51.93
1UnKg1rAb8A.basis.glb,52.00
Qkm4CooNoPi.basis.glb,52.00
VWczCD1Hbus.basis.glb,52.03
Bnq6SeZGL5b.basis.glb,52.04
njMGKG4iwRK.basis.glb,52.10
Mre6deDcPCP.basis.glb,52.25
knPYW3fibqY.basis.glb,52.41
uXU4dVyyvWa.basis.glb,52.46
TziyvKgzdAs.basis.glb,52.48
kubNyvKJBUX.basis.glb,52.73
w5YEujJKsiy.basis.glb,52.75
SAZ4gvMfxm1.basis.glb,52.80
adgwjGh4NQK.basis.glb,52.92
1hovphK64XQ.basis.glb,53.05
Umx6CdjZfvy.basis.glb,53.36
rBmEe6ab5VP.basis.glb,53.42
j2eqyxdYAFW.basis.glb,53.50
5jLhtVmWd5F.basis.glb,53.51
MfkErJj6CHF.basis.glb,53.53
jGdNyKqGZJw.basis.glb,53.57
aqx6EomMgTf.basis.glb,53.59
PuFu1zFVc4k.basis.glb,53.60
JUANmB8jduD.basis.glb,53.74
nicaPonCxvC.basis.glb,53.75
5Kw4nGdqYtS.basis.glb,54.07
tjs8mFdJ7YN.basis.glb,54.17
AiY2reLtjYJ.basis.glb,54.18
kXAEFtUBNFZ.basis.glb,54.41
kHvNo8x6Qoe.basis.glb,54.42
6acdNdTjNbr.basis.glb,54.58
q9CAdKfvar2.basis.glb,54.59
DZsJKHoqEYg.basis.glb,54.62
cVppJowrUqs.basis.glb,54.74
rPwrKEnR3fk.basis.glb,54.85
t6tH2pNA9X5.basis.glb,55.05
XNiSi1YgPRR.basis.glb,55.07
cWfRoQnzNiM.basis.glb,55.09
ZNanfzgCdm3.basis.glb,55.28
C8VQQtzUoqV.basis.glb,55.50
vjMVcmpC1hC.basis.glb,55.54
PK83UqrXjd3.basis.glb,55.66
bxwHR9ipFG8.basis.glb,56.20
DoSbsoo4EAg.basis.glb,56.44
nS8T59Aw3sf.basis.glb,56.56
7PZPFHR3oJc.basis.glb,56.71
kJxT5qssH4H.basis.glb,56.98
YV9M9gZG3YJ.basis.glb,57.03
YY8rqV6L6rf.basis.glb,57.39
ACZZiU6BXLz.basis.glb,57.42
EQSguCqe5Rk.basis.glb,57.48
GfF9TQ34x37.basis.glb,57.50
4wCTuaUNWEd.basis.glb,57.68
wwX4MFiTTrt.basis.glb,57.71
C6JvMamYTRg.basis.glb,57.73
bdp1XNEdvmW.basis.glb,58.12
AqGu9nUng3L.basis.glb,58.14
zCMdfYaW9iF.basis.glb,58.16
n8AnEznQQpv.basis.glb,58.28
giViJCyCH2C.basis.glb,58.35
fc7RfUCN5mY.basis.glb,58.40
H8rQCnvBgo6.basis.glb,58.44
k7vRbGpz44m.basis.glb,58.58
4vwGX7U38Ux.basis.glb,58.64
T22dejNjHK7.basis.glb,58.75
ASKXmHbw68X.basis.glb,58.78
741Fdj7NLF9.basis.glb,59.00
GNGYKt8XrjF.basis.glb,59.07
zhzot8MvSjF.basis.glb,59.11
RcuYAHzrjK7.basis.glb,59.20
eUJx9a4u63E.basis.glb,59.24
Fgtk7tL8R9Y.basis.glb,59.26
5graSmdK3Bj.basis.glb,59.31
d5faFfQRphr.basis.glb,59.51
YM4nG4pSAEJ.basis.glb,59.52
5m6t1y5EvsT.basis.glb,59.59
LViDMxZp4ZN.basis.glb,59.66
GtqoUWABJ11.basis.glb,59.67
3XYAD64HpDr.basis.glb,59.69
nHHVbEyHX3t.basis.glb,59.75
7Xp37y8DpSv.basis.glb,59.76
pcpn6mFqFCg.basis.glb,59.82
JWWJBQWHv64.basis.glb,60.02
APXAdV48nKT.basis.glb,60.07
oz1yTAGPXkh.basis.glb,60.17
kyoZhaD9HuW.basis.glb,60.31
pmZMJfFd3Jy.basis.glb,60.35
S3r45BMWy6H.basis.glb,60.41
3PiKdwyfEkX.basis.glb,60.57
D5dEbkUphhr.basis.glb,60.61
M8PMwoYQTUV.basis.glb,60.76
aKwZ7VJDAjr.basis.glb,60.85
a3JCmxobR99.basis.glb,60.92
4h4JxvG3cip.basis.glb,60.94
8mXffaQTtmP.basis.glb,61.39
e3YKRHQRPNe.basis.glb,61.46
kEL17iFsVbw.basis.glb,61.59
mscxX4KEBcB.basis.glb,61.65
SQqGpSHzfSr.basis.glb,61.70
UrFKpVJpvHi.basis.glb,61.84
r8b8sRuxdt2.basis.glb,61.96
T7nCRmufFNR.basis.glb,62.26
GPyDUnjwZQy.basis.glb,62.38
mggziYKSc6S.basis.glb,62.63
6HMiy15cxis.basis.glb,62.65
LU4A39yR8gc.basis.glb,62.85
1xGrZPxG1Hz.basis.glb,63.10
XvJjCZv6SYp.basis.glb,63.38
r38SGhq8aJr.basis.glb,63.39
fQHGxvurx9L.basis.glb,63.66
qAwGYe2GoZp.basis.glb,63.98
sfbj7jspYWj.basis.glb,64.19
vDfkYo5VqEQ.basis.glb,64.34
4L4peQsMgfR.basis.glb,64.60
1sPp3Wz8TCB.basis.glb,64.64
6nvpJEZ8ox5.basis.glb,64.70
AuGMayXVFkc.basis.glb,65.08
wPLokgvCnuk.basis.glb,65.36
HjxjHvpdeoM.basis.glb,65.48
QDvRVeWFCjM.basis.glb,65.54
k7mcxHG65Wh.basis.glb,65.71
qZ4B7U6XE5Y.basis.glb,65.80
yX5efd48dLf.basis.glb,65.83
A1jHexSJuAW.basis.glb,66.07
N7YVmJQ8sAu.basis.glb,66.15
KWoYKrff5L4.basis.glb,66.47
yHLr6bvWsVm.basis.glb,66.64
hkmLgL6jrP8.basis.glb,66.72
BfzKZxFShtq.basis.glb,67.09
8QtyGUUtacf.basis.glb,67.37
WpVxtsP4xxA.basis.glb,67.38
UfhK7KNBg5u.basis.glb,67.39
m49MsVC7BwA.basis.glb,67.49
NtnvZSMK3en.basis.glb,67.59
yTgw14aa5ha.basis.glb,67.61
x4LVLSsYWcV.basis.glb,67.70
ZhXWtW1gd6c.basis.glb,67.94
PE6kVEtrxtj.basis.glb,68.29
yA3RqPqMrGE.basis.glb,68.36
w7QyjJ3H9Bp.basis.glb,68.39
Y4idBN66BqG.basis.glb,68.52
BcZUZQ9t4Fe.basis.glb,68.58
R6Byftz8wRN.basis.glb,68.64
ZwnLFNzxASM.basis.glb,68.65
5737gQA9p2T.basis.glb,68.70
j2DKmTV5TPV.basis.glb,68.79
sWAdxSLVPQC.basis.glb,68.87
6BReaxZUoMg.basis.glb,69.03
2dZ1Jivh5if.basis.glb,69.26
GCCrNuhZ9WY.basis.glb,69.26
mHXUEKEV6gR.basis.glb,69.33
BW1f54ZNVW6.basis.glb,69.34
4dbCzNN5L5t.basis.glb,69.45
JXdzHne1mRo.basis.glb,69.84
qz3829g1Lzf.basis.glb,70.01
qgZhhx1MpTi.basis.glb,70.05
eWKqgQbVZow.basis.glb,70.07
amdKHm5GAM1.basis.glb,70.33
z9VLaZqCsW5.basis.glb,70.48
kQVPtf7ACRw.basis.glb,70.73
2tqbn5VLQoq.basis.glb,70.76
JHHVv6QZJMm.basis.glb,70.94
RfNGMBdVbAZ.basis.glb,71.04
YJDUB7hWg9h.basis.glb,71.17
6EMViBCA2N7.basis.glb,71.21
F5j7ZLfMm1n.basis.glb,71.42
uc8QkFS11Hj.basis.glb,72.02
hbr5fTQhAAa.basis.glb,72.02
5vUupbRRdyH.basis.glb,72.21
C2hbxeJWmvX.basis.glb,72.47
HxmXPBbFCkH.basis.glb,73.11
JiHGQpwKUvd.basis.glb,73.12
dioA6agn1cP.basis.glb,73.43
Ty7djLDxQu3.basis.glb,73.47
kZhZfAhdnNN.basis.glb,73.67
28FFMGySc6D.basis.glb,73.93
y3K5dmhuukt.basis.glb,74.07
HZ2iMMBsBQ9.basis.glb,74.11
k3ohRuM6bso.basis.glb,74.12
mj5sKX44BmS.basis.glb,74.19
d88Sc1udFcZ.basis.glb,74.32
qDjhFcNqFPi.basis.glb,74.38
drvaU627cQh.basis.glb,74.42
NRsmXFcVTbN.basis.glb,74.44
zJEEFaNaRbB.basis.glb,74.82
oahi4u45xMf.basis.glb,74.94
9h5JJxM6E5S.basis.glb,74.97
saBtfCeVoJ4.basis.glb,75.10
NGyoyh91xXJ.basis.glb,75.10
zR6kPe1PsyS.basis.glb,75.46
rmDFTEWfNcz.basis.glb,75.48
iTm2PKHUcTJ.basis.glb,75.51
Yr35Q49vqwV.basis.glb,75.52
6TPCFES8fhh.basis.glb,75.87
BqLwEyiLbza.basis.glb,76.06
1mCzDx3EMom.basis.glb,76.06
GTV2Y73Sn5t.basis.glb,76.16
qxwfVS8MQ67.basis.glb,76.25
v46TaF2rxHK.basis.glb,76.29
erfqyP5V4u6.basis.glb,76.39
aCtdWA5n56Z.basis.glb,76.43
XRHpoTZjtj7.basis.glb,76.49
mDPCxA7W1WN.basis.glb,77.17
FnDDfrBZPhh.basis.glb,77.40
oPj9qMxrDEa.basis.glb,77.45
QN2dRqwd84J.basis.glb,77.47
5Poh4Qz68hd.basis.glb,77.49
VSxVP19Cdyw.basis.glb,77.62
yPKGKBCyYx8.basis.glb,77.79
GsQBY83r3hb.basis.glb,78.31
xp4FyfQ6Wr5.basis.glb,78.34
1EiJpeRNEs1.basis.glb,78.40
wz9FcGhrndc.basis.glb,78.52
PjnDyQJJ3eM.basis.glb,78.85
Jfyvj3xn2aJ.basis.glb,79.31
PaQrTquNd2v.basis.glb,79.32
MjzBosUX3WW.basis.glb,79.59
3iZkJUc7KhX.basis.glb,79.74
VhissfC8ggN.basis.glb,80.15
TSJmdttd2GV.basis.glb,80.17
qWP3MMQM3eJ.basis.glb,80.23
1S7LAXRdDqK.basis.glb,80.28
q33GehreMrX.basis.glb,80.44
jG9pucmJVBZ.basis.glb,80.44
fbUcgfPMBDr.basis.glb,80.71
bDTsgcSK5Qr.basis.glb,80.75
RHrFkyC59tf.basis.glb,80.85
NjyeoK5BLx3.basis.glb,80.86
TBdN234fGEb.basis.glb,80.98
xc2kFoo9nbw.basis.glb,81.03
HsYeeztxPG6.basis.glb,81.14
VKmpsujnc5t.basis.glb,81.71
6ySDHVkso9e.basis.glb,81.81
1SedVoP7zLu.basis.glb,82.21
osQy15y8EVT.basis.glb,82.32
WT4QWwXrMzs.basis.glb,82.75
ceJTwFNjqCt.basis.glb,82.82
CthA7sQNTPK.basis.glb,83.10
P6ajptD9tRP.basis.glb,83.15
mt5PhMmTk5m.basis.glb,83.36
g8Xrdbe9fir.basis.glb,83.79
BEuB32yj7Fb.basis.glb,83.94
SgkmkWjjmDJ.basis.glb,84.13
WEDXu8bWRkq.basis.glb,84.29
XYQdAu1qsK9.basis.glb,84.48
dQrLTxHvLXU.basis.glb,84.73
J5SkB2o1ckv.basis.glb,84.88
S7uMvxjBVZq.basis.glb,85.03
uHnM1oqv2JL.basis.glb,85.13
8iCxzGNmp4g.basis.glb,85.46
Nf3aGQTDAA1.basis.glb,85.97
HLBJGGyicLV.basis.glb,86.13
oStKKWkQ1id.basis.glb,86.21
P3hmFK6Ejnf.basis.glb,86.28
gamLwhSzHci.basis.glb,86.38
vj4rZPfVjBQ.basis.glb,86.38
8EqKbkhqE4R.basis.glb,86.44
AfKhsVmG8L4.basis.glb,86.51
ikChNYDHtRf.basis.glb,86.55
mHJxL9jnCox.basis.glb,86.65
w8GiikYuFRk.basis.glb,86.68
s19Uyn7AWwv.basis.glb,86.99
H1D2FZ8TAv1.basis.glb,87.73
sLwz8nKD3wF.basis.glb,87.94
HneuS3CYDFG.basis.glb,88.17
33ypawbKCQf.basis.glb,88.42
6AGcGQf2wof.basis.glb,88.48
boHtwWDWtXh.basis.glb,88.58
PB8eQHRTRRK.basis.glb,88.64
bpqKLXHnxei.basis.glb,88.70
y3dZtLZCUvN.basis.glb,88.76
8oSQng53cGV.basis.glb,88.86
iePHCSf119p.basis.glb,89.11
PUNuHY5M7MS.basis.glb,89.16
YmEfzspXX5h.basis.glb,89.18
HkseAnWCgqk.basis.glb,89.29
wFCLkVy4n9U.basis.glb,89.49
iKFn6fzyRqs.basis.glb,89.62
315QujoX279.basis.glb,89.83
p4ZPcGtk6Ex.basis.glb,89.96
7CXbc73tDRf.basis.glb,90.26
Ze6tkhg7Wvc.basis.glb,90.43
zepmXAdrpjR.basis.glb,90.43
SrBPiU6LKxL.basis.glb,90.55
WhNyDTnd9g5.basis.glb,90.60
oQPVc6vwgaq.basis.glb,90.73
zmZvNTCxMZE.basis.glb,90.78
1K7P6ZQS4VM.basis.glb,90.89
6HRFAUDqpTb.basis.glb,90.91
t8wCA6Qe8uT.basis.glb,91.03
by8SK9u18S8.basis.glb,91.34
bwoBmU23M2N.basis.glb,91.41
ZVScmfktNQ1.basis.glb,91.50
qSom26FpYzR.basis.glb,91.71
eZrc5fLTCmi.basis.glb,91.90
FgswoxWb3uN.basis.glb,91.93
XxbS57Z6PDU.basis.glb,91.98
LVgQNuK8vtv.basis.glb,92.02
EgzWe8N3jZG.basis.glb,92.27
LqsTKpxKVP2.basis.glb,92.27
u3zrj4Nojev.basis.glb,92.46
Hsk3jDzNySy.basis.glb,92.63
fKP4sxcoxpL.basis.glb,92.65
SrHVAbHUpUX.basis.glb,92.73
qk9eeNeR4vw.basis.glb,92.81
UbsJXeCkJBA.basis.glb,92.85
boJrpwDQtu9.basis.glb,93.04
WRphMcFxfhe.basis.glb,93.09
vLpv2VX547B.basis.glb,93.39
TGVJHgmMGzi.basis.glb,93.43
aJg466zMSNt.basis.glb,93.76
y4YiUQwvWGH.basis.glb,93.78
RamZzGBBPbT.basis.glb,94.12
xWvSkKiWQpC.basis.glb,94.32
Y8Y6ukxGMvn.basis.glb,94.43
bZsfeA9uRk7.basis.glb,94.47
wuKkTq5GJbi.basis.glb,95.00
dD37vuCa4FE.basis.glb,95.02
YMNvYDhK8mB.basis.glb,95.23
KAzjXJvZtR3.basis.glb,95.37
nACV8wLu1u5.basis.glb,95.60
k17yptqNRAn.basis.glb,95.76
aRKASs4e8j1.basis.glb,95.89
o94q92w5PK5.basis.glb,95.98
GtM3JtRvvvR.basis.glb,96.08
BCWtGkh8CHv.basis.glb,96.12
5K2dTSVihN7.basis.glb,96.29
EqZacbtdApE.basis.glb,96.79
wcJYziD5pmF.basis.glb,96.79
tvvDpjzFJGe.basis.glb,97.83
nW7z5USWzWo.basis.glb,98.21
AdNTcRg3THp.basis.glb,98.41
DBjEcHFg4oq.basis.glb,98.46
tj8ngv3woJ3.basis.glb,98.48
gyK27yu7CP4.basis.glb,98.52
JSgMy8tTACD.basis.glb,98.56
dcd823nTKH9.basis.glb,98.64
oKFJo8jpzRW.basis.glb,98.88
3Y14etT7365.basis.glb,98.89
4RuxhXRmb3V.basis.glb,99.00
S3YyrKoJ7k6.basis.glb,99.44
GcfUJ79xCZc.basis.glb,99.47
qkkRnWghK8e.basis.glb,99.59
W16Bm4ysK8v.basis.glb,100.05
fdfRpE6Cfsr.basis.glb,100.15
6vJMULqvYe8.basis.glb,100.40
nvjM2xMma91.basis.glb,100.68
LGGnLUDPz37.basis.glb,100.79
UQuchpekHRJ.basis.glb,101.14
VoVGtfYrpuQ.basis.glb,101.48
xAHnY3QzFUN.basis.glb,102.01
iNpfPhK1sRz.basis.glb,102.37
MVStfLiYYQv.basis.glb,102.71
27cQLjQ5CjV.basis.glb,102.78
MPPDV4Gvybr.basis.glb,103.06
tYvWp85L81G.basis.glb,103.10
3KZbo846fxq.basis.glb,103.21
T48WJA2vtru.basis.glb,103.69
2ihrkjrbHVf.basis.glb,104.58
ij6Fizhrr6c.basis.glb,104.61
bCFcvb4zc3N.basis.glb,104.74
iLDo95ZbDJq.basis.glb,105.57
qpcpnP8TosR.basis.glb,105.67
qWb4MVxqCW7.basis.glb,106.22
aNri5Gh1ZTE.basis.glb,106.27
LQy8D2nmZ4x.basis.glb,106.27
fJ1GEE6PdHD.basis.glb,107.18
wQN24R38a9N.basis.glb,107.43
uFCiZVVks57.basis.glb,107.46
1zDbEdygBeW.basis.glb,107.47
UAByLdpaokx.basis.glb,107.54
nMeXfQU4PMS.basis.glb,107.61
pEeGyoYCEa1.basis.glb,107.88
gGMMut83nsX.basis.glb,108.03
NpCFg9NdUgL.basis.glb,108.28
z8SrvZ4eyqV.basis.glb,109.19
hXHUtviUKBu.basis.glb,109.26
Y4L8fjz2yH7.basis.glb,109.47
W3J8ruZTQic.basis.glb,109.76
bvdRzJBgJyg.basis.glb,109.97
ZVPMj4YoZtK.basis.glb,110.16
x1pTUWx9DPr.basis.glb,110.19
bAdy4hKf1a1.basis.glb,110.34
J9adB1bm54A.basis.glb,110.65
A9yB3w3UxXV.basis.glb,111.55
SBHLgvFTVMZ.basis.glb,111.74
NcK5aACg44h.basis.glb,111.92
sX9xad6ULKc.basis.glb,112.07
9Ckja165ren.basis.glb,112.11
AMEM2eWycTq.basis.glb,112.19
T4G9hTR5WSv.basis.glb,112.88
cHumXFzhHUR.basis.glb,113.02
FxCkHAfgh7A.basis.glb,113.34
8DDKELpgD99.basis.glb,113.61
bXu6SSWkJY8.basis.glb,113.65
ooq3SnvC79d.basis.glb,113.67
4dtmWCb8CDk.basis.glb,113.81
n2Tt2eJdqnT.basis.glb,113.83
AeBfp3hTadB.basis.glb,114.09
gPf8XzHACGn.basis.glb,114.16
tJ7XVoEN82a.basis.glb,114.26
p32JzpQyhPk.basis.glb,114.37
hTTnuAeSN6d.basis.glb,114.52
u5atqC7vRCY.basis.glb,114.73
pYGGNqSbHp1.basis.glb,115.21
12e6joG2B2T.basis.glb,115.74
KJxdMPgweZG.basis.glb,115.98
H7bBanejcc6.basis.glb,116.12
Coer9RdivP7.basis.glb,116.29
o4tckGBtaxz.basis.glb,116.52
FcUgaJv6JHA.basis.glb,116.64
u9rPN5cHWBg.basis.glb,116.73
VqCaAuuoeWk.basis.glb,116.96
ixTj1aTMup2.basis.glb,117.64
panm7DRsmDn.basis.glb,117.68
rK4jPRTUw15.basis.glb,117.87
3YSDRj9kTU7.basis.glb,117.97
sNikFfBW8zM.basis.glb,117.98
We1N7vBtyGm.basis.glb,118.26
77mMEyxhs44.basis.glb,118.34
E9hxHD5h4FY.basis.glb,119.37
GGBvSFddQgs.basis.glb,119.39
CxxHb5C8ZsP.basis.glb,119.60
h5VYFcePkbn.basis.glb,119.61
P8XJUpcAUkf.basis.glb,120.23
ENhuWpDE5EB.basis.glb,120.27
t85xiAt9pao.basis.glb,120.32
DsEJeNPcZtE.basis.glb,120.58
xGnehmjiCSA.basis.glb,120.85
ggNAcMh8JPT.basis.glb,120.92
4GfZ9TTZUwL.basis.glb,121.15
99ML7CGPqsQ.basis.glb,121.37
wsAYBFtQaL7.basis.glb,121.82
LLecyBe5Eq2.basis.glb,121.85
DS3nSAaa3Nr.basis.glb,121.89
4euAVjDbkz9.basis.glb,121.93
92vYG1q49FY.basis.glb,122.56
7dmR22gwQpH.basis.glb,122.57
TNx8nti6GNi.basis.glb,122.65
NPHxDe6VeCc.basis.glb,122.80
XokRUNE3gB1.basis.glb,122.98
9K1WbyTZ456.basis.glb,123.03
pMntW4YkvvB.basis.glb,123.71
cFqWyQ4Y9hT.basis.glb,124.09
D2PqRE5ZvyQ.basis.glb,124.44
BJovXQkqbC3.basis.glb,124.44
s7kPJndncRy.basis.glb,124.57
ENiCjXWB6aQ.basis.glb,124.87
gQgtJ9Stk5s.basis.glb,125.42
kDgLKdMd5X8.basis.glb,125.44
9SpHCfHaNiG.basis.glb,125.68
nzuiinFMXvf.basis.glb,125.78
Pmv1pdeirDT.basis.glb,125.95
rWHyWNc6ZbZ.basis.glb,126.06
ypcVfePF8TG.basis.glb,126.40
duthTPisf28.basis.glb,126.49
vPoFkhqsJaf.basis.glb,127.14
RiwBKy2YdQ7.basis.glb,127.19
erXNfWVjqZ8.basis.glb,127.19
Lva3QmSMsTr.basis.glb,128.38
4J8N2Ah1a6o.basis.glb,128.72
TiWanpmC63V.basis.glb,129.20
ytXtEYghmvL.basis.glb,129.53
c9DeZf2fcDf.basis.glb,129.65
67ADtrTrBK2.basis.glb,129.72
8m2Sk2sC3DR.basis.glb,129.80
U8F9SkAsqbJ.basis.glb,129.88
KsD3yx9nZCv.basis.glb,130.65
HeSYRw7eMtG.basis.glb,130.94
Y6WjWkVEUks.basis.glb,131.43
gjhYih4upQ9.basis.glb,132.09
csHQLLFPE3g.basis.glb,132.29
JPMDv7zL4bF.basis.glb,132.34
CQWES1bawee.basis.glb,132.34
D8aaq3PH6dG.basis.glb,132.87
UAGeBzZJgkU.basis.glb,132.87
SSwbmq72C21.basis.glb,133.83
Vnb6uKtzQCU.basis.glb,133.95
8nSVqHLMRwQ.basis.glb,133.95
UZ5rYGiwQgW.basis.glb,134.15
v7DzfFFEpsD.basis.glb,134.16
Z2DQddYp1fn.basis.glb,134.27
uvveHdpUZis.basis.glb,134.48
aYhkzj2fEhP.basis.glb,135.48
6r9GfBG7u1g.basis.glb,135.62
fRZhp6vWGw7.basis.glb,135.86
BLhX6Do8f1t.basis.glb,136.19
xcTV5UHYHFV.basis.glb,136.22
wtaQdtXzYtD.basis.glb,136.38
dKySjDYsya1.basis.glb,136.95
rp42RknmRV8.basis.glb,137.11
dDyovSFuViJ.basis.glb,137.44
ZxkSUELrWtQ.basis.glb,137.47
2NwLiyeKcrK.basis.glb,137.89
3goH1WRaCYC.basis.glb,138.10
AENiMBDjVFb.basis.glb,138.66
DqJKU7YU7dA.basis.glb,139.51
JjsvQEqRxGS.basis.glb,140.46
pVnwDTdMD3h.basis.glb,140.56
asrq4PFvdvF.basis.glb,140.64
c6TFyURFrL4.basis.glb,140.87
QFjJExB2jgE.basis.glb,141.35
TgWKHxhJAng.basis.glb,141.57
udze1CSof5C.basis.glb,142.02
AUkcTmUs8mw.basis.glb,142.35
ghWQ5kHV97i.basis.glb,142.77
gmLDom6XSo7.basis.glb,142.90
2XVvKEDd54w.basis.glb,144.19
yogvKWUrdnw.basis.glb,144.23
tTcuEfoAQXv.basis.glb,144.40
JNiWU5TZLtt.basis.glb,145.16
d6bYiL1d9Fh.basis.glb,145.69
vCfHLVSyL21.basis.glb,146.01
BUFVGDCQNGb.basis.glb,147.02
D8bT1ambLFc.basis.glb,147.26
TYDavTf8oyy.basis.glb,147.36
YWy9hV7RfQB.basis.glb,147.76
E1NrAhMoqvB.basis.glb,148.09
MyxM6trMBUH.basis.glb,148.92
tEafuWwhhwr.basis.glb,149.19
URjpCob8MGw.basis.glb,149.64
C3ifY177Ldq.basis.glb,149.98
rihBP3nC6p4.basis.glb,150.00
NfkadBDgBJV.basis.glb,150.03
yQESfVcg18k.basis.glb,150.53
KjZrPggnHm8.basis.glb,150.59
TZ2jsvNG2nt.basis.glb,151.27
NBuk4gePdJm.basis.glb,152.37
t3t9ofFLcFU.basis.glb,152.62
rzzVnFnBLtg.basis.glb,153.16
ANmWrL7Kz7h.basis.glb,153.27
jTTGECZYKRA.basis.glb,153.96
DfUQLukPMPc.basis.glb,154.23
fxbzYAGkrtm.basis.glb,154.88
ki6Cu76pWzF.basis.glb,155.08
bMvM1KL4WsR.basis.glb,155.37
wCqnXzoru3X.basis.glb,156.46
qvNra81N8BU.basis.glb,157.61
r77mpaAYUEc.basis.glb,158.20
sCCThjhioJC.basis.glb,159.14
b3WpMbPFB6q.basis.glb,159.69
rxGLNxH6eoJ.basis.glb,159.96
vKuDtqxh7YQ.basis.glb,160.28
mjvN6RDLsPm.basis.glb,160.57
xgLmjqzoAzF.basis.glb,161.53
WPzCkWEorzk.basis.glb,161.66
XKqDR74W1JU.basis.glb,162.07
N8oi63yAP2b.basis.glb,162.39
zUG6FL9TYeR.basis.glb,163.09
8B43pG641ff.basis.glb,163.34
jAzZDvf6i67.basis.glb,163.38
9hJwm8k7Gka.basis.glb,163.61
kdw2Uapns3b.basis.glb,164.09
reHtN7VMWkg.basis.glb,164.43
DWsM2ficpne.basis.glb,165.56
b3CuYvwpzZv.basis.glb,167.57
RYzud5W7ZnC.basis.glb,167.59
suQdyWFG8g9.basis.glb,167.70
iQPq34e8hJX.basis.glb,167.81
C7xtw9uhYFn.basis.glb,168.45
3z5dc2yzyCb.basis.glb,168.50
UYrgg12a7QN.basis.glb,168.73
uXh7Yr7x12L.basis.glb,168.92
awcRF7AZnJu.basis.glb,169.84
QDtpZSqaeyW.basis.glb,172.14
R9fYpvCUkV7.basis.glb,172.56
H81QMurNRM8.basis.glb,172.69
xccdSFAEPau.basis.glb,173.17
GCEb4nmNi7j.basis.glb,173.58
Wjvsh6jnVsR.basis.glb,173.72
ECStCRoCNWM.basis.glb,175.16
DwDDvGo9QdA.basis.glb,175.38
WZDzPCybQvS.basis.glb,175.40
NEVASPhcrxR.basis.glb,175.68
XNoaAZwsWKk.basis.glb,176.48
226REUyJh2K.basis.glb,176.56
WeyCwVzL53K.basis.glb,176.76
6qJyEsZNuey.basis.glb,177.59
5uXtMs57HmZ.basis.glb,177.87
ZKqtodH1qpa.basis.glb,177.96
S9M7ybC5ZHu.basis.glb,178.46
16tymPtM7uS.basis.glb,178.56
kAMF2R7PCqX.basis.glb,179.10
HfMobPm86Xn.basis.glb,180.65
1k479icNeHW.basis.glb,181.53
otTm4oTrHvc.basis.glb,182.19
31DHHWieDMS.basis.glb,182.81
nGhNxKrgBPb.basis.glb,184.52
3CBBjsNkhqW.basis.glb,185.05
kA2nG18hCAr.basis.glb,185.39
2Pc8W48bu21.basis.glb,185.92
CFVBbU9Rsyb.basis.glb,186.37
mQFC1yx29MM.basis.glb,188.43
WpAGGyZFqQj.basis.glb,188.83
hWDDQnSDMXb.basis.glb,189.85
LPwS1aEGXBb.basis.glb,190.07
NBWrHFXBF5p.basis.glb,190.56
6imZUJGRUq4.basis.glb,190.95
U3oQjwTuMX8.basis.glb,191.00
nJTPfwbAj4S.basis.glb,191.16
5RtSdesLuHt.basis.glb,192.19
mWqBmEyXcXN.basis.glb,192.65
FXuXGH9YQTW.basis.glb,192.84
rrjjmoZhZCo.basis.glb,193.20
u9LiqMn6kA6.basis.glb,193.50
ZB8o8rMmPdB.basis.glb,193.93
MLVm7dZk7dp.basis.glb,194.74
1Rg1SS1dRpG.basis.glb,195.75
DBBESbk4Y3k.basis.glb,196.73
Dj6sJyU7qmd.basis.glb,197.87
JFgrz9MNz4b.basis.glb,200.06
HPrcqBkKzuy.basis.glb,201.46
H77MhktmmAF.basis.glb,202.72
xvDx98avcwd.basis.glb,204.83
CKbwkKufMWM.basis.glb,206.91
zwzTbNq7xoW.basis.glb,207.64
deNrXzuSss5.basis.glb,207.68
NS5SeGunqiK.basis.glb,207.75
kGVKV9k9DCT.basis.glb,207.83
kdFEfVoT1WE.basis.glb,208.23
ochRmQAHtkF.basis.glb,208.48
EN7GiDgxdQ2.basis.glb,209.21
krsjseyn6fd.basis.glb,209.65
gDDiZeyaVc2.basis.glb,209.99
eip6PNoeCPr.basis.glb,210.65
E64sjs3Dyfd.basis.glb,211.87
UVdNNRcVyV1.basis.glb,211.90
yVbpFay8gTU.basis.glb,212.43
yCCyNxubYcL.basis.glb,214.28
PyZonHqd5gy.basis.glb,215.41
aosjAwX5Lnq.basis.glb,215.96
8LLjiNrWzJ9.basis.glb,216.26
NtVbfPCkBFy.basis.glb,217.13
bEdki9cbHDG.basis.glb,217.98
N17ddiDvJr9.basis.glb,219.78
o1F5JVHc6mb.basis.glb,221.82
mt9H8KcxRKD.basis.glb,222.41
5biL7VEkByM.basis.glb,223.48
QKfBMSSy7Hy.basis.glb,224.09
gxttMtT5ZGK.basis.glb,224.31
frThKkhTwFT.basis.glb,224.51
LcAd9dhvVwh.basis.glb,224.58
uhkqDVMtEnn.basis.glb,226.33
PPTLa8SkUfo.basis.glb,227.03
zJ3fVx3BZYR.basis.glb,227.47
q28T9C3q2dv.basis.glb,228.56
v3tsKAPVLJS.basis.glb,228.79
VZy9kKQJcUF.basis.glb,229.35
yqNxxJnA3iL.basis.glb,230.64
GZRLndzSrdn.basis.glb,232.70
wrq3kiEU4VR.basis.glb,234.20
RHdkyzXFp1k.basis.glb,234.97
7GvCP12M9fi.basis.glb,236.40
nYYcLpSzihC.basis.glb,236.55
g7hUFVNac26.basis.glb,237.73
812QqCky3T7.basis.glb,238.21
bB6nKqfsb1z.basis.glb,239.49
1sM6KvYg3J5.basis.glb,239.82
FYYpmNC4gAd.basis.glb,239.86
GMwtBqNLGBs.basis.glb,239.88
JptJPosx1Z6.basis.glb,243.03
37c5w29pYm3.basis.glb,244.29
TQSiMZJawkS.basis.glb,246.46
q6tn1ZjSsG4.basis.glb,246.89
UuwwmrTsfBN.basis.glb,247.37
S3BfyR31Wc9.basis.glb,247.80
eAUmfFLZDR3.basis.glb,249.47
kjUg7BaQF1C.basis.glb,252.46
wDDRygUCLMm.basis.glb,252.90
UQ5EhY5wve1.basis.glb,254.58
j2EJhFEQGCL.basis.glb,254.87
DACaFbApXUe.basis.glb,255.02
FgXPKxNp5kK.basis.glb,255.52
as8Y8AYx6yW.basis.glb,255.58
3Ao63EY7J83.basis.glb,255.62
gUqgeUmUagL.basis.glb,255.98
KCvzhHEhdwB.basis.glb,256.30
dTzYwo8Hppu.basis.glb,256.51
F8Rw6EWpPRT.basis.glb,258.73
XVSZJAtHKdi.basis.glb,258.76
L5QEsaVqwrY.basis.glb,260.66
KHhgcNqsc9h.basis.glb,261.48
bHKTDQFJxTw.basis.glb,262.21
j6fHrce9pHR.basis.glb,264.74
VYnUX657cVo.basis.glb,267.21
iigzG1rtanx.basis.glb,267.89
1W61QJVDBqe.basis.glb,278.48
PXAfUkZGMdU.basis.glb,279.28
RrfVebebfWf.basis.glb,287.79
EbiLVt7CHc1.basis.glb,299.03
NBg5UqG3di3.basis.glb,299.43
enfahKs8XHw.basis.glb,302.63
Gg8W275oKZE.basis.glb,303.52
b2e31HFFizw.basis.glb,308.39
53jtKd53a1X.basis.glb,311.89
gmuS7Wgsbrx.basis.glb,323.94
qQgcM8T4hiD.basis.glb,335.24
9DnDAhJ7qcj.basis.glb,336.74
XiJhRLvpKpX.basis.glb,416.53
4tdJ3qe1x7P.basis.glb,2610.06
